{"file_hashes":[{"block_hashes":["vvl57VomqN5cGicxiCM9WM0nnUCgiuOV3fxGdIhcW/c="],"block_size":4096,"path":"assets/_commonjsHelpers-87174ba5.js"},{"block_hashes":["evvNhXqnunWepkUbrHdLWfiYfdpiZYhy0xVh/uJ3CqY="],"block_size":4096,"path":"assets/background-6aa2f48f.js"},{"block_hashes":["xPNEqvRt1OIP+LmNVgzjmKgUfyBX1As+DRMzIcTvZj8=","W0dDhJWuspLXA6su4BhYPtwvH/2/3FLhOFDUSIVfK3A=","TeJvwzqgTUFTRyxytlidIr14ph/89Ob+keK6r5Ng2q0=","KyVbpiHgRYQLPkjTdYU2wfyddwSylTErOmkBgbwvvKE=","YMviUqnbOIECfjPECEt6XjyYIZQvZwDzJ/ihrZ2KAYM=","OVow2+8+jpwskSiRF6DXP44yu+ACDhR6e6aoPViQisY=","GMWEmW3h9jOvmND2kstQLRb/Rz4N96ZlQV55YAa4foA=","luS/hBAk59cuiS1gz7WokoouUDAgjR8YEcFlMZNOKJ8=","zIcyD4kPOQ4LQEmvtGwgJhfZWLo9mRBqnMW9liPG3NQ=","YkWasnrn+1Zo6B7UH2tsi5Th0KdiDLNsrUq1CkCO1/k=","f/tiRpr+ujV32MxJe0BeleIsE6oqbZdaCZ1n+QJtXUw=","JYs33RXBlxV6L3OjMbfNe3wVsAeXKegQfglDAyLp3g0=","oBHlJ73uLR8tZmHz3435kOPIOIsoAxnayVVyEsthr9E=","z4E4INquF3k0Nw2bqAI/YwWz34LEifcMUc0t17OFXL8=","fm2O5yAETjoIksTNINex4woBYcmaTBB8PhFpvh9+aOA=","kqnq7WOc5Mjp35Ycjz4snoNkEY7pNd3PG85yFBO+OKc=","RIbD3z+bZenmAta7lpQ7Co9bm5yr4x0W6AXxukO+v0w=","5V08dsVSQZCKB7yvTgIKWByzGsxG0L/ATn+eupOZE+g=","5+kXlv3xi1OlLqMnzBALyYMF+PH0LJF/kRx0YGTC9O0=","4gaxNl0S5WBRpur/XqfQDNYLJBI3x51lkKwxVxUajuw=","lJidKhzr4/DMBiJtwU8daPzZSy1pXcF65aPG41u74eM=","M32NksJdxTjlRFcx1/m1aZ+SEOLABloDehRespCFzcI=","uALLCPt3HFBMbl6gXckZZrdUvBbNpO6tdPhuuODJzQE=","zkIfaEJVMMVhsvXvVfhdJy0rrEGYMLHjjbb5JWK7L9Y=","3XV3Hx7O+cZtqwRb8mvJlRtg1LM1xoT/X3EooKQg6bY=","bO6+qLlDo4QVskfFS7U8FSMl4j75BsBVu3wjy3gyOV4=","kVBrut58DHim3dFyzsSnawPhm6BAglka6FYtiGlj5lU=","j7KqubEDlhlv+sR9byLysqi8bST16Mbfu4IW9bRzxnI=","jPTLswfp2lPVeq5FWFDRXrMD/z+EM+Ati7dTBSWGZGM=","z9dtSZZdI+680ggA7s81kJMjB0g/l4PNXgU1AIasCvA=","kCinRBlta5xRZnbc9BRORwMiL4xZ+z2oLJycc3wNrSE=","oNKyV5SSNcX0W//ibp4zvw3hRLaR3JKTVk26ea8c5k0=","Y9XmIJT6/QuwsCa5Cor6lzBAu+h4ZQTZ/O7NEftPAc8=","9EdoD/3/aVGHsp9HyD2PlFA32fl0K4AP5xnmTfpwINM=","i5eZjU0+i9b3WDC4sqkMjV9OH2yKGZnHplovOe5qaTE=","B0nj7uGuz+/NXLekgZ/GM7gn79zH40rHM69Fptnwg+s=","/ufYBuzl3K644cP0JHHBgSE/qJ75VRak/49N0OV0aCI=","AsKs8JAcQkylmyTQOxSUP3oohimuxxM5poSsQUob538=","rgY8cAG+z/m3JKQuyxCVBv7jBEU1eQp7t9Z+XMh59v4=","AEz54uVMiOTHF8JVFX8wqNr7lwlkxzffCmF+2mcWY9k="],"block_size":4096,"path":"assets/client-6230d59c.js"},{"block_hashes":["9c7bxCitlzaIVG+HsX7PHN4l/GMEXelnIbAVWe9K428=","RO9A4Shg4tSufadGV+KxDFZcfOAUdHojTzDqrqXjBfY=","3MzZoL+VQVx9olq5ry7mQcKm3yM1zI0ltdgsiQAasi0=","0PIBpSc7iEMlCmclp4gLQUCmUDl/3whlTyElX/Xd0p8=","Yzx3hE3EggcO7NTH/ZUFHjGPIUDej2q6YDEqxvQoM0M=","RzmruWGNUky+p7ZHJ4APm2tadfpJvevpXr4JPRLT8kI=","fDC9BkiBr7/L99I/q5RGlvhCJ7gUPbsZq94Ap7EW/DI=","9Z6u7n7n/IdC5zzrSmd+k96vZCxhruSln4r63fYQj2s=","l6t7DW59YQDopRs9fMBOe7OggagSLgnwOKOXMMXlOes=","kRTtI9kUq7ivMN6Hlq6GACUDhjCHqw0BUPpTYUl6ZlE=","o20H6cOfT5xxUCZ882urKJr6H5wWk1hInvdGsXK7zXM=","tnJQnaZMhw+24y2zj8WOqVg6vQzTWEqqqryoItYbtTQ=","4Ww35kR7f/xsAUvJz2ThGSv4rTIw+MeEU61+8JHD+EM=","tEJf0HGZ/69efI6mTpA1GilPCSks5qYA1MZs/cOFdlY=","aORebWmLZe1vtdOQmENebdxIaEe9bizbK+5intIw1DM=","6Ag4kuRz9XypaxW3aoM/bNn0KxShRyAQeVJcaOCIt4g=","mOa6nWa6l9Ykp7kZqtCswmQ8XiTjv2nXlyaw4aIMFX0=","urqQLuO3b8xTc8yKXThYhAKAQ7piUJdiWRkiOmWdOnc=","0oPenZ6hBi1jQxnhTYtnInVtpbD9HVGRdghYU88s0x8=","nFLR54Y3+h2UMzjv7jIXWed2t45Zw8NWL9TDLtQlGBA=","yIpfModIJbVemU+BvjkDkabgCkJyvr6kofSV1Zxo70w=","erma3yeRAEIVekPzCJXMAZr9I2wfH77fXOqARMuafnY=","T2lJjEsMu8SiQa4K+XOUjuAkbsFkB9PVrfc4xDlxmt0=","sq8y15La9r8dsQD8waHT/g4UDu+eJMLxWJnptz23q/E=","p5M1d1Q5kMbBEizLOnWA8iQg0yxTVRxFVM8vvvu3m6w=","rLl/KrCjFs1NWWpNCIApejdkpjXwi0U6u5JeyglOntY=","q/RdYyn0zFgqrnP55t84e96x8963VOi1wydYnfQNixE=","i4edNE6QTVZiID8oX1sPVmtydBiU9FKI5wD/9NANqiU=","c7U059PammQtTrNZr7Diwgsdld+RXtPWNNy6ZiljdaU=","05ldp0/XpxC9HkTipUDP9EiGLeiGq4wcrEMVyVY+CLc=","xMhhxdJL2fUQh4VlulaYHyaO3ERm9J1f2+zgILSLRbU=","83BhHM9qlMOIDSo80B2JKLy0tgK1ETw8qiwnH54lREI=","ogFNwM+0dNybns+J1IwKsG9y29s4Z7xKvQLRdIr91G0=","2kNETRTCYBgBJ7s89RtnCE7ACUbbPdKKgObt9ms7t9M=","B/qjBQtZvZYCA94kDKSaiJK5DzcMygkd/5UWVIfBHE8=","25RWVtex5VrOM9RMuQq/moSCUyxAYpZbcZqNluKW3z0=","d2JErOHea2x0H5/x8ZFgBvCoTbtltnfn2V8KF5q9siY=","NBLhc78+sAkrZSIqBXo4pvxZypMuS+Wd+LdjNEcy8Bs=","qb5KZx0xg0II2SiryqOnWj9Jlw5AKWmH6Xic6uF+bSg=","2JlqzzM88S5ZrEsyBrnu3CciQnYlhxLndUoUQxCK4Qo=","v/AoMlOvXJp/CEx9DR05ArMWoRooRiWua0NyuTe+9m4=","3z5JCIC/zORUQWUOLrIMSUfysY/OYhX7t9rk4Sz5AmA=","0deaGcQOvWYzX60HMx9VFjaqfhu4IXnsORpMoXGDG4k=","GMyqfiHn9cy/QJcFoSgRFF+AvEJGcjqE3HRhcFQy/4Q=","c7HuuTRHiDMdvmxtrXRcToc924S/ki0cvr7vUPrCHb4=","YN/Q7TyYYOmdMxLT/ZLdRDhm+cso8stiSKmTQqjDjek=","GYObjP/szEQSmREzdImB7S6iKxvFB4n6eIQfVO8TBl0=","47dkM13wLWNEFQrKZDOuTX6JdpUe9SANpU4XsvlSOg0=","m2UC9RWTcLhyLrOG8bMRmSS2mM1svz7QriqCjqhTTVY=","XSWMI5CksGtmlJy5cmI3Xtj3PWviVGOKdESmm+bzFm4=","rtmo3b+iG4fHWhZXlQQss7NtT7fzlIRxPrgQn3cyUkI=","azW4gtb95SreXhHCmfC+JW5N9jMC6sMhlIhyJWz53zw=","28aOzsZgupdOTcqHRNARfXK/vNM8ndswo1S/foiDqTo=","/zROT3OHywmjISJEQD0Ohita2LRe5779GnsNBjrIL9E=","mx4jOpolpQwbTu5VriNLtk3HJNIadGlo+RN9VAX2OMw=","XhSqqKBxuMxHvrLtnumTPOH3GzhYCyXYDnnodeLtmuk=","sETEQWqD3mfTrAS0twJEoTMVyM0RzJ0eGX4Lb0qDUrE=","f5vxZ2mUTwv4PpiCXeQGFSV9D8FCYVTiFR2Dn9RTndA=","aD8tZo3lFrDYIWUu8ImOoV4TVqPo0OwhqNbXTTNRV8Y=","6EHK6NsqFise6f3/bWDK+ycEP/xTdtWlHVsJlHSTLIY=","dofL1VqeNsGVb3kO1MuLl8AfUpLydRQ2Aga3ZwYOHKE=","+fm42WVea7lOmExjrk02a8C97x2ewEtQ3t4FZmTHmWA=","/xMlYo8sjfSPUrSk3dFlTraYV3ZIUdwTptVLOGKzuis=","ja5CGE9qGTXJNPIB3aIitgI+GgMkcntY/Pkd6u1yoRg=","pik50STn/eE4E0EHx+m6Bjb9MWvvcRxZcc5aQG8kVAo=","148dG0qQdOw6j6ftLADA2eoPwrL24lXH0iGdosL/lc4=","5QrM6e2zG0KDFIKeNlOVvZht/rnhjELmECDoirb77HQ=","UcFTDhzhxt6bDrM6NAgO8ZsVDvtFXSeiUEz7McErKJY=","RC8vk8yQQRaWvklYE2RAGqFZaGZ0wlhHos8+n8IuD64=","ZZwu+QX15BFRmqhosvfTtzifyD7SrIHmb2iUxvjP7GU=","XQ6RRd4zmUXzMDaRhI6mjIZ1TJv8OpfdNyqekLDQSJ4=","E6REwQWdv+G1a/gOU2bEhD8aXNePglgCGYDxd5KQTw8=","jHo5eNzRMY90Og3c+DdyERSfaEB46d5Ka9ds9wMJE1c=","giPQyuHY4TU4rki6ST0pGFlqUO2WpRRo+qyNADxut/M=","sZqKaKjc+ccaYRLsfYhZZW1sfiNzIGZl8gkquYMQCiw=","y0Q2pl1LThpt3Adm7XYbaQN4/ElBIHrkWRA9uKV42rQ=","SX4D9qx5awywt1pwBFIkwkjjzgx+pch0L5/MIKPZQ7c=","RwJU9ovwupu6HmyGGJmkHX4koHBk12ImKMlv1ptClF0=","Z4JkfqBeL4XZVpRsw7TwftUoziRPI3bQnnf3In/p4bM=","O8N4PZDf/AcCMO1adKNu82Fb/zTOLit/vbRLm1/ZbQc=","OhpIGBDC5LKV/d7k9zR/UIw11v6AA3zxBR4kR84ZcQU=","BSnD8r3CQ88NLN469LebHlALxbTbFHqtkaXCAzgL2Dg=","FRVZuPiWVFLrsnJPQ/RzDu0WXp5488WzobBsWmiWh/4=","y5MmICco5LpXbDzGXDeUE4pC8nQk0lYIIPGX7H5UM/E=","KoXr17a4ciTnQJtbFgZPfXoM+uLp6S6gyAkrE5onotY=","F58nxE7/yR372yc9imYOsZSPhhQ1qJbrulOjMwOD4jE=","pLEXkhb0XXBU2j2xukz+LrKdPLOB6tsFwiZvD6GQJM4=","JRM/6iLSEijPnfYu8QFfk4VGwltx5h7YpdOYuzPX7B0=","eVUX0CrgQIMTyZBxkPTskdoh5vBH3PvS8OXZhviXwtc=","kcwFGli7C6U+MpG2U+IjsUGfO6djA4aZxcTLcmTQvQw=","TZCIU9chY9vQWCXtX+iIJwILb70P0Xm4Y9Zddqb/15U=","xobBSQawD1CJ4VTRfwYAiFGeuodSA5ChW+ZWsPHvfTU=","UvrgUgB8Sawyl69mNYcybKXYJBVMp6PnIR2ku6L3LW8=","m491sW2Ll1mwVIvLd+c+4zzCdneOnKltaCQAMvV8Ifc=","iR7SaVsCCqYm1VIGEG3FQ0mcRuvf1rHvnGlPyvkhEao=","eoy9D54VudsLiNAvB6D/mdtRt6h7r8BD7Slr40Qd3lA="],"block_size":4096,"path":"assets/index-f1939a93.css"},{"block_hashes":["oIcJME1B5dOZGk9wvjjCWjHf4A1j2HDiumEwk6M0M6A="],"block_size":4096,"path":"assets/index.html-1865f455.js"},{"block_hashes":["gA/Lz9BEvcZtjF8keyWP50iQTzjtD4pS0yics18TbhM=","9ijFwqWAf98qWOE4ibPZzRIoIc7NfirOS41gCbJqhyY=","EAnDNhHp3oMEPIg+3d0NcHMiSOmjJD/llgZ2fwayFsw=","lAh8q6cwDmdLupCrUQzB7mdDmjnLPX4sawINBgBVpoM=","yEJ6mt9QOGGD4yo3gwqzNXIKceQ3GmzquXT48/XWGfU=","LWb6nmvny80N97/4UKOrcOr0qvj/rl8orPt4X8QG+S4=","5oHujyZV0YQ7B9Qb4mY9PPMj6s3iIOAw59/q75+GAy8=","uFwf4orxq5Z242I9gp08/aiXS09lTY8orzVkCTfI+Zc=","ogjpJEiq3HpTg+Zn+llmwK69ClkJQ6OdJBP7zm4gdQA=","B1/i4p8OOR6d+9kBbCkWbKYj/3W5dy2HDf/cyVdVYyU=","zaeCTaNHKgX3aMPUvp8LYYvQ7XHLc2z3LwPpYhEow4s=","KQOLjRl30pzdo8Bxvzso16tKJXKjMMLKCS3em+6KSzU=","EsyMW2ZOOkgOx8WpFqlYXbKilXCAaOvF8yWHxA4RjxY=","ZOvxPtVYhnCHacsY3jl088TDA1nFg7m14RAT9ic2SfE=","7iewwOrjfDIhYOLBntBLNt1dNQweCR+qqcZL1/sG4YE=","QSOK3FZjQWMGDTsGaOYUVFpO1jKNEf9GYT7NLVtsXrs=","XuegfBPOXNabzPukG1hPU0nz1ZZUlRRv7Oz4MYe62V0=","xgRBQZNKp9abOLCPXR2k1qD9zIhx8tE3OU6QZ5hCA0s=","m8fDC8Gmv92Kp73zhYp7s2puIgafuBjkKs5rigdLT14=","XBV8acUZSZ5tW8nODEKBsSxnIEmlEFsjgovd8tHC+gY=","ObOqMSmh2IcDD6/weBvk82QyXRK+2uGu76LJFFDLMik=","386r711TLnKeoqz7uUB6Nj2g7GEH9jIxQaM303jd+og=","Y/Vr8DJxj2kuxKVgFQfd+V05+KfOzqD1gzza1YNdvn4=","vGlJP7Vo+Ba9Q4uEDlzzmmaB7GFHcJKSHhr2Tx+mSAc=","h5X1YL4276SdSD936vWPW0J8aCthpYbx9wLnzuOVXOM=","I2Mjsvx8LPdolzz9yfLWX6pJtP/rm3JmfkdYrmwpe2k=","Ar7CeIyyR236JeO1x4RWOMMwCXb8HTkhWFoBEeovsqk=","xHeaRZXCwkELySJNNlHHlTyrYGkN03Zz7jUaiiaEIzo=","+oI1pKhyKBTAGDIGDTub5KGbf1HnOQQYePqUotUyJ0s=","FeWl00cBC+YKrwIwI675hJ32CuwowCMTXJ/Cpb2FlbE=","IJZldCI/MXMtrdCi/g0rlpf0bsumuaJUsC+3lv41XCQ=","B8O0zvyEvTPlyCQpMHSPl6yM0NCZ4xoOKZHDFR57Ycw=","Yvle02EJCsKBYWsEmA61XZFyE02WX3ryFBn6RXzmYKM=","7SfDIP1Y4TgVuleJxCXcRUEleuWaBiO1XYp9eKO5Ca0=","roFTARlEyDZMO6YVQfAgEvgI5oBcOd4zQDI2qycHqvM=","YLm0WATp5VTTH6VvlQ4nmNNa/zfqQr4Y34jV/hkoRAQ=","N0sbqfzhOG4NXQJaaEbWw3NvDaGzHedDMbwr/aMvp94=","6JoS75tGe5Vs+vwfc8Ldul5gd343SG1671mFEpK4VmU=","Q6F00w7645WB8tje0PGk0JvYE+1i6g20eQFE2Oh0GFQ=","l3yTxBUib0IUh9hJWlEx/CDPzAQ9anqyQ1I6IX82+84=","vYWHId5eucyzpeGQzHsm/iUCzom5zEsxQBlolkpvHzE=","hiXgHi+0n70IFSt/Zn+IAp58tIQW9VdDfUMiFdjlne8=","xFhdfDjv2LRWOgzNAdfk15Sg8idYRY8bRjrxDMDCndg=","+jo3nkiU5tuGj+m4EajJHLitKU4cRKrdPZAgcUh9o64=","tfuD+1U3ticmDesjAjdeI5t3qrfJiyXF2zlGbk2Ghws=","kMv9pvIdOLvx5xW6JoGXFMDlukoE3j7+iXCgU+bdm+w=","bOvhvJZ/AR/TXgGXnYyGLeJ54Bh/Q3dE2jE3UFq/x14=","8efWzqt/ESnLi41BnONaLudkViFEKSIzI04/PM87wzI=","Ni+v5T2vATr78PB0Or2vyzzk1xYXJb4INY1pUoYLx/4=","+Wm0KOX0O4YHyB1ujkQknAuQARAshxk//0GdhNTWks4=","4SOq7SdehxcJEA079a9yi0K2qSbFtTT8Xp+z0NPiaOM=","R3qdHMS5phLIgpVPPwIfw3yIguROOpI3Hk/oSh6GxIA=","JsZIu8QFUQX71cUJOc2SC+JdEMw5lLhDkN2vvKEVFds=","DTd2zY5g8/cmph/TCHqLKckaINJmf3EclxUdXF6p/5g=","kUcasCxSBve1LEhYojKFoD7rAnbhABnOCQJVulAjjk0=","+2Du3omHnCm2ij78xsAWypPc+YhTfpDvZoW8HBsg8wg=","9a/RtWu3DnE1Q4PwljwmhBgh0/9mhjTddN6Neu69U6w=","Gl/zN5lclL5LnwQfgyYVN2PeE7EEsSKyadJURMFhqWA=","kNWn3NL3AWqizrPPQWNaPEzKwf3drlh5Vbowcvj1D/0=","36oVsu5o5tW+GQDl8RjM8vs8/g3S44oyY2g2VbLEQwA=","/71Q7B3/qOMIGVhZj2OgqzhmlhjMrhFdYQdGd6yORiI=","Xy1Z2zS+3prjkGSSNfOS4sRBQSGV+Cl9wxfPH9nnf90=","EaEn63NHr6JC9qZczsaLjxX3H0JcjrmACGqSa1PBtsM=","jy27jpAQCo+loxP06Dc9UCfwO7gVSKiRTe2CWUASAms=","wKc8cKbNxiXhwinlVs2C+U+Xaf4Et9eXU/qTvOAsuKs=","4S6l79+C9CjoAcEUdzRmtWnkOayGhSE+J5JhM9QJK8c=","Opm2X3JRtir9+/R0/aGHE1MFKbOkEepb6X9LpfAebQg=","lLl7NFaUIMc1uSaam09M1P1kDADWrAxQzY5r8CV6rVY=","2IU3WCmvj+p414ROTuYtEwbUUZlE0WH96boAHP8psKQ=","YPMzQtDSl1gTUci7mfNs7Crvthqc1MuKq5jvCw9edzA=","94WW9WGoGw9A7gb/lZcsedIZlxhjVrXCm0RovMbCjA0=","6aUtXqPe2jpfE0A/IAIJYp/GltvzhDsrTQS5enITKAY=","R9rTZMxn35SqkUe2KSoIyaAgdByssY6Ly+YP0RMY9pc=","mVsosUlbcguQoNMAXsjyIFdJuRINqj+If/QXPdh2xPQ=","wh/wuMlhp4VJhU/AE/UQU9k2jSW/7fwliVgp9JDGAec=","qFbu7H+0ifqM0zE2qiTLdkMLf8ehxU+HVL0isX+COII=","vm1rZBC7Y+OGKJPQ22b6Oy0AdD43iWd0HjmkGCDAGH0=","R2it/i/XBGorcUrFGzRNfkQqCd4Xu7BEG4/hetI1VOk=","RiIfZHFaGiIGsrMVURSl2/j24VRTJfCNQiNRwUemh2k=","wsyEspmtygal2AXIktFV6eZTZc1YDq87t2JSTbNi5OQ=","KyBj14nhA0X5whrncVao0AXWq2/YS7xxn+x8wmsbGmE=","NuehDWGBDThGEruN35gaB/Xbj1OaYwKxYypeLVlu6Bo=","Wf7larIrkLcwLuTjuyophokrjxHu+UIed99P8ZuE/Jk=","1GVwV4fkHD3SnIgMkaOJiWrAsSnKkiCAJ3gZ4gTBMuQ=","bzaIQSzXtIriRDYIm6OmPXDK8wfNaOrTArRt+udNypg=","Z0J+gqhvYnHF+MTrstYJBl6M6s4tW1C06pKq7pviY0w=","+CtAJF1OI6xi0a7lBYybzJDFrJroZaSjlkZh6kpnYtI=","SWBUsZTKNTPKXrV9NG6seZa7cx7+cA84ggIpCTSbMoY=","fvjiwzC9mIKTPYMMW9V5k4dNTPN0qKOnvXtDjjuVMwI=","WtcxANYJkODc1Z8RGMig3FQ1YEnepHNW09qlGp8YReM=","LHzF/yr3LVTNkpx1VmcWEfAS6/90vMQ0T2aNE4KoIzI=","CDA5M1WCCcuZKyJ9ExFX/Z7yq9wWOZ1aWwCdWSMUQlI=","vlL4aW1sv+7rVfolFReN+i+Hp5LThSZQ9cQ5yUtGSOI=","aptN/Q5AtsFPhZg6OeVVD1jCurrMy4EBYSpzI2yFoUo=","dXRU+97OaM6kgjA4qlThhkPjRAtvZGmIPxqzQrWdMEg=","3IBQgT5iJyiRvGyy2R2++VGnIy0LBv1R2P6VqZrXrLA=","Dkyr2Kg3BNmIIRj2sLYQk3j2CciqK1JoR/3XOOLxwow=","FCLPUjwarY4c+fj5aylwOkdDvnpbkhKVCFGY6JwriN0=","/f1wIv9GGxBXQKzApFVZ8pcSc5C0WkP5A1KQo5v+kt8=","kF85xe7dYfWfXIkl83ALhj1NjBf7o+sq4Q11PLY6MVU=","wtRLkrzaU0aNz8m35WbPmc+j5nTUwKJ3wRx2pWfW+Y0=","p+jq9/KeJnX2MdjuLxmOqv1kPcFFAv5D3auNHq1TpBc=","QEiNFD0uknz5wuRXXliWwuwaAI2F1B4eWWH9cQwT2V8=","tjx3oVxZ4St/WuK2Doo6ztGe9wt1n+j5BWzlm2FjqC8=","9getV16zQTXeG8QgHRJssmsOXBW2eQmlnILvEYAeQW0=","Jd8wDXhCqraBYe2kIvcCx7b+DaGzG/s4R4AwCr6OAig=","4KJeO68Q0qJUbtcGJ4xYPsmzvw+ZF7o6FVY46gHdAX0=","+ejPLUD3Ttu773FtXRRNgNCzvCXiOJ5wl3eRpL6vxts=","/wGdkEf8gBkkUjhVRXtC0VpvDwnsXYD3deHNHdUjzWw=","8I1z2FsoPSv2F9QhOjzm4qa8KtO+ldfnD8DZXaD0f90=","SthSvwITyCebkDCMhA2kescY2RUVlYiy9JhLVlRbuXA=","Q8BAsEIrcUS7Tq9o7UlcBae7WvSQrHVFmgrYw7nE4+k=","WbrfQR2r+ZbrogjBs/dw2MsHdXmIe3+TXAFjCdb5G+A=","VN3+Rtd5En5u+UkE2qOCmhRYAcx3D0vMi4/+P2FTWbg=","EubUg5tmk9bzzKbGCXqxn8T3EYCtae+c2lFrAl6X1SM=","OfnV6rzfInuGF70lMb2l9Oz3x9CJCIOwe3j9S3jE41w=","e5FdCLo0tQb2J8x9uqRTSzUKOzB1U5V7MJLZn8wjq+Q=","4zzRZ4utH7PViUhywPp5ziCQX1pukI97ByYOiTW98Tw=","8kKaNX8Vdn0niXEeskzb5YnvykLuVSRhnxwtXdEa9Pc=","b95nI+FYLoi6ICaZVpMhOx4OjxP0X4G8/hEyND5EefY=","FKcw5+3yrCzmL6qAH+5LjWRdBIC7LnYOx5dNzad8hQA=","X590ey3B29Oqvt811DnZKiE3WaLmudPQ3zmkyu2lQZ4=","y0OCCpKgd5KDvtrnhn23wuM2LA2jkiUdup4OAbNQ1aA=","2oSBxMyccVNFr9aD82jVpxsDu4JwTVKAEYRHWbvc3Zg=","LiqeQpVDnF5LRxehR4emhLtJ1W1VJmgjhI3AX6L8844=","AwkM2rELsZ+9/xlVeKPlOstiub5KGxv+r79JVBOmHZo=","vnKHc0qgRpwHLO9wm1Fc9ximVvihy07YRSORY/hUsHc=","bK2T9Vt5Og4QENu66b1OQbd5GNGXu9QMzav8zo52KjM=","uKMekdHd4h5QSj6kVbwA4W2jj4iYOUS5aDFrim6EAjc=","ypR0ZOWQxzJJjqVSK69FPqFeDsS5+AZN2Yaue83JVR8=","TH1FQf1BZy8gpBggdbVENaeK9pfDMqZmqDtWYQcFOds=","oYSP4FVW82W2dD+0jJ336TVyl/0W1E0LQfOQB38CH7w=","vsu6SJrg/iQn9PmjfoDjCtej0QPwYZwDzwEiyaMIwkY=","Jim0nxqxAe1SBz/C70CGgKTBkjAgR3rErNmUsIgwHe0=","iZGAzJOE+JvrTnG7RZyYLud8cn8OMITPMxzDMIViqM8=","5S4EYzpWaBp1J1r6OFJ79j1rdw8g2voUHV2e2w9C+WI=","nKsvcPoZqbTXt3/hs+TQoigQXzY47SSL37owSM0Lc9g=","gANgYfm0i/lhNJXff51UMrjpnpPM0POpSq3O1eBG+FY=","7tUEv/FK+NlUkYGdzz6aHUsFKkDgiZUbae5Ao5aevuA="],"block_size":4096,"path":"assets/index.tsx-c06d502d.js"},{"block_hashes":["t0MAts3hKwVxd8CAMXHT6bSY+4OTW9m89rTB7z7+3QE="],"block_size":4096,"path":"assets/index.tsx-loader-b74300b6.js"},{"block_hashes":["Nfv9egQXKUhcNCdR2V6aStYast0NBG6w6RrUI8QI53g=","VA39vqgxRrh4KmbiP5kIBln+oBrZnQbN7pzPxOQ6Oac=","cLtoZxwk9RTUuWw1FBDR/IOWXhB0J511NH+Nv7HUFBs="],"block_size":4096,"path":"assets/tabs-d2747948.js"},{"block_hashes":["Qk4ymuWmd3P26FCr0Gfztvt+trKc6lMV8WdI3P94JzM="],"block_size":4096,"path":"index.html"},{"block_hashes":["d1krpwDrg8f+1lRcF0y0y7il2dYQDhhZ6fgwqIAduck="],"block_size":4096,"path":"service-worker-loader.js"}],"version":2}